,showTm,showTm_score
0,120_150,6.615730337078651
1,150_up,7.219512195121951
2,90_120,3.5822784810126582
3,under_90,2.4615384615384617
