,watchGradeNm,watchGradeNm_score
0,ALL,3.268421052631579
1,olderThan12,5.297052154195011
2,olderThan15,4.556574923547401
3,olderThan19,3.556923076923077
